<?xml version="1.0" encoding="UTF-8"?>
<project-private xmlns="http://www.netbeans.org/ns/project-private/1">
    <editor-bookmarks xmlns="http://www.netbeans.org/ns/editor-bookmarks/2" lastBookmarkId="0"/>
    <open-files xmlns="http://www.netbeans.org/ns/projectui-open-files/2">
        <group>
            <file>file:/C:/Users/SONY/OneDrive/Documents/NetBeansProjects/Hostel%20Management%20system/src/hostel/management/system/ManageRoom.java</file>
            <file>file:/C:/Users/SONY/OneDrive/Documents/NetBeansProjects/Hostel%20Management%20system/src/hostel/management/system/Updatedelete.java</file>
            <file>file:/C:/Users/SONY/OneDrive/Documents/NetBeansProjects/Hostel%20Management%20system/src/hostel/management/system/StudentFees.java</file>
            <file>file:/C:/Users/SONY/OneDrive/Documents/NetBeansProjects/Hostel%20Management%20system/src/hostel/management/system/LeavedStudent.java</file>
            <file>file:/C:/Users/SONY/OneDrive/Documents/NetBeansProjects/Hostel%20Management%20system/src/hostel/management/system/NewStudent.java</file>
            <file>file:/C:/Users/SONY/OneDrive/Documents/NetBeansProjects/Hostel%20Management%20system/src/hostel/management/system/home.java</file>
            <file>file:/C:/Users/SONY/OneDrive/Documents/NetBeansProjects/Hostel%20Management%20system/src/hostel/management/system/NewEmployee.java</file>
            <file>file:/C:/Users/SONY/OneDrive/Documents/NetBeansProjects/Hostel%20Management%20system/src/hostel/management/system/Login.java</file>
        </group>
    </open-files>
</project-private>
